code,type,number,date
COOPAGUAB,circular,001/2014,6 de enero del 2014
COSERCA,circular,001/2014,6 de enero del 2014
COSPUGEBUL,circular,001/2014,6 de enero del 2014
EMAPAS,circular,001/2014,6 de enero del 2014
COOSPELCAR,circular,001/2014,6 de enero del 2014
COSAJU,circular,001/2014,6 de enero del 2014
EPSA COBIJA,circular,001/2014,6 de enero del 2014
6 DE OCTUBRE,circular,001/2014,6 de enero del 2014
COOSIV,circular,001/2014,6 de enero del 2014
EMAPAV,circular,001/2014,6 de enero del 2014
COSAPAC,circular,001/2014,6 de enero del 2014
SAMAPAR,circular,001/2014,6 de enero del 2014
CAPU,circular,001/2014,6 de enero del 2014
EMPSAAT,circular,001/2014,6 de enero del 2014
COAPASB,circular,001/2014,6 de enero del 2014
LA PORTEÃ‘A,circular,001/2014,6 de enero del 2014
SAJUBA,circular,001/2014,6 de enero del 2014
BUSTILLO,circular,001/2014,6 de enero del 2014
EMAPA,circular,001/2014,6 de enero del 2014
SEMAPAR,circular,001/2014,6 de enero del 2014
FLORIDA,circular,009/2014,27 de noviembre del 2014
COSFAL,circular,009/2014,27 de noviembre del 2014
COSPOL,circular,009/2014,27 de noviembre del 2014
COSEPFA,circular,009/2014,27 de noviembre del 2014
COMAYO,circular,009/2014,27 de noviembre del 2014
COSSAJA,circular,009/2014,27 de noviembre del 2014
COSMON,circular,009/2014,27 de noviembre del 2014
COSIMBO,circular,009/2014,27 de noviembre del 2014
COSAPSI,circular,009/2014,27 de noviembre del 2014
COAPAS VINTO,circular,009/2014,27 de noviembre del 2014
CAPSCH,circular,009/2014,27 de noviembre del 2014
COOAPASH,circular,009/2014,27 de noviembre del 2014
COSEPP,circular,009/2014,27 de noviembre del 2014
AGUAySES,instructivo,030/2016,01 de septiembre del 2016
CAPCHI,instructivo,030/2016,01 de septiembre del 2016
COSEPCO,instructivo,030/2016,01 de septiembre del 2016
COSAJO,instructivo,030/2016,01 de septiembre del 2016
JOROCHITO,instructivo,030/2016,01 de septiembre del 2016
SMAPA,instructivo,027/2016,23 de agosto del 2016
COSEPUR,instructivo,028/2016,23 de agosto del 2016
ASOAPAL,instructivo,028/2016,23 de agosto del 2016
JASAP,instructivo,028/2016,23 de agosto del 2016
COLOMI,instructivo,028/2016,23 de agosto del 2016